lmax,mean,std_dev
5.000000000000000000e+02,1.300055938959121704e+02,3.313640356063842773e-01
1.000000000000000000e+03,1.057227213501930237e+03,1.427885663509368896e+01
