lmax,mean,std_dev
5.000000000000000000e+02,4.882539510726928711e-01,4.736379384994506836e-01
1.000000000000000000e+03,1.023304462432861328e-01,4.142522811889648438e-03
